26年春季考试招生计划及分数参考,,
院校名称,专业名称,最低分
昆明铁道职业技术学院,工程测量技术,502.27
昆明铁道职业技术学院,智能焊接技术,516.82
昆明铁道职业技术学院,制冷与空调技术,474.09
昆明铁道职业技术学院,智能控制技术,509.09
昆明铁道职业技术学院,铁道机车车辆制造与维护,530.91
昆明铁道职业技术学院,铁道工程技术,526.82
昆明铁道职业技术学院,铁道机车运用与维护,522.27
昆明铁道职业技术学院,铁道车辆技术,525.45
昆明铁道职业技术学院,动车组检修技术,525.45
昆明铁道职业技术学院,铁道信号自动控制,521.36
昆明铁道职业技术学院,铁道通信与信息化技术,516.82
昆明铁道职业技术学院,铁道交通运营管理,520
昆明铁道职业技术学院,铁道养路机械应用技术,520.45
昆明铁道职业技术学院,铁道供电技术,521.36
昆明铁道职业技术学院,城市轨道车辆应用技术,499.09
昆明铁道职业技术学院,城市轨道交通机电技术,515
昆明铁道职业技术学院,城市轨道交通运营管理,509.09
昆明铁道职业技术学院,大数据技术,505.45
昆明铁道职业技术学院,现代通信技术,486.36
昆明铁道职业技术学院,智能互联网络技术,470.45
昆明铁道职业技术学院,电信服务与管理,454.09
昆明铁道职业技术学院,铁路物流管理,480.45
昆明铁道职业技术学院,智能物流技术,484.55
楚雄医药高等专科学校,临床医学,567
楚雄医药高等专科学校,预防医学,561
楚雄医药高等专科学校,药学,523
楚雄医药高等专科学校,中药学,507
楚雄医药高等专科学校,药品经营与管理,498
楚雄医药高等专科学校,药品生产技术,500
楚雄医药高等专科学校,护理,509
楚雄医药高等专科学校,助产,497
楚雄医药高等专科学校,医学美容技术,483
楚雄医药高等专科学校,医学检验技术,502
楚雄医药高等专科学校,卫生检验与检疫技术,504
楚雄医药高等专科学校,医疗器械经营与服务,488
楚雄医药高等专科学校,医学影像技术,503
楚雄医药高等专科学校,中医学,554
楚雄医药高等专科学校,中医养生保健,507
楚雄医药高等专科学校,针灸推拿,506
楚雄医药高等专科学校,康复治疗技术,491
楚雄医药高等专科学校,健康管理,485
楚雄医药高等专科学校,老年保健与管理,479
楚雄医药高等专科学校,保健食品质量与管理,482
楚雄医药高等专科学校,医学营养,490
楚雄医药高等专科学校,食品质量与安全,473
云南交通职业技术学院,道路养护与管理,518
云南交通职业技术学院,建筑材料工程技术,507
云南交通职业技术学院,智能工程机械运用技术,522
云南交通职业技术学院,工业机器人技术,511
云南交通职业技术学院,智能制造装备技术,519
云南交通职业技术学院,大数据技术,507
云南交通职业技术学院,物联网应用技术,516
云南交通职业技术学院,智能交通技术,523
云南交通职业技术学院,智能物流技术,497
云南交通职业技术学院,空中乘务,508
云南交通职业技术学院,民航安全技术管理,503
云南交通职业技术学院,网络营销与直播电商,492
云南交通职业技术学院,商务英语,487
云南交通职业技术学院,应用泰语,475
云南交通职业技术学院,土木工程检测技术,487
云南交通职业技术学院,道路养护与管理,516
云南交通职业技术学院,建筑材料工程技术,508
云南交通职业技术学院,智能工程机械运用技术,511
云南交通职业技术学院,建筑材料工程技术,506
云南交通职业技术学院,智能工程机械运用技术,503
云南交通职业技术学院,工业机器人技术,514
云南交通职业技术学院,智能制造装备技术,516
云南交通职业技术学院,大数据技术,489
云南交通职业技术学院,物联网应用技术,500
云南交通职业技术学院,分析化验技术,485
云南交通职业技术学院,嵌入式技术应用,499
云南交通职业技术学院,智能物流技术,492
云南交通职业技术学院,空中乘务,483
云南交通职业技术学院,民航安全技术管理,517
云南交通职业技术学院,网络营销与直播电商,501
云南交通职业技术学院,工程造价,483
云南交通职业技术学院,安全技术管理,491
云南交通职业技术学院,分析检验技术,488
云南交通职业技术学院,储能材料技术,4765
昆明冶金职业大学,矿山智能开采技术,526
昆明冶金职业大学,矿物加工技术,524
昆明冶金职业大学,钢铁智能冶金技术,525
昆明冶金职业大学,有色金属智能冶金技术,529
昆明冶金职业大学,金属智能加工技术,518
昆明冶金职业大学,储能材料技术,506
昆明冶金职业大学,材料成型及控制技术,501
昆明冶金职业大学,测绘工程技术,507
昆明冶金职业大学,测绘地理信息技术,505
昆明冶金职业大学,摄影测量与遥感技术,502
昆明冶金职业大学,无人机应用技术,506
昆明冶金职业大学,测绘工程技术(中外合作办学)(中白),475
昆明冶金职业大学,电力系统自动化技术,522
昆明冶金职业大学,数控技术,517
昆明冶金职业大学,机械制造及自动化,522
昆明冶金职业大学,机电一体化技术,536
昆明冶金职业大学,工业机器人技术,521
昆明冶金职业大学,电气自动化技术,529
昆明冶金职业大学,智能网联汽车技术,513
昆明冶金职业大学,机电一体化技术（中外合作办学)(中加),477
昆明冶金职业大学,建筑材料工程技术,503
昆明冶金职业大学,硅材料制备技术,507
昆明冶金职业大学,智能建造技术,506
昆明冶金职业大学,建筑智能化工程技术,512
昆明冶金职业大学,建筑装饰工程技术,504
昆明冶金职业大学,建设工程管理,501
昆明冶金职业大学,环境工程技术,506
昆明冶金职业大学,给排水工程技术,505
昆明冶金职业大学,化工生物技术,500
昆明冶金职业大学,应用化工技术,495
昆明冶金职业大学,分析检验技术,499
昆明冶金职业大学,环境工程技术中外合作办学)(中白),471
昆明冶金职业大学,物联网应用技术,509
昆明冶金职业大学,信息安全技术应用,511
昆明冶金职业大学,现代通信技术,503
昆明冶金职业大学,大数据技术,493
昆明冶金职业大学,建筑工程技术,482
昆明冶金职业大学,大数据技术,491
昆明冶金职业大学,市场营销,477
昆明冶金职业大学,电子商务,495
昆明冶金职业大学,现代物流管理,498
昆明冶金职业大学,旅游管理,491
昆明冶金职业大学,大数据与会计(中外合作办学)(中加),473
昆明冶金职业大学,宝玉石鉴定与加工,492
昆明冶金职业大学,应用英语,483
昆明冶金职业大学,应用外语(老挝语方向),470
昆明冶金职业大学,应用越南语,467
云南国防工业职业技术学院,数控技术,501
云南国防工业职业技术学院,机电一体化技术,526
云南国防工业职业技术学院,电气自动化技术,533
云南国防工业职业技术学院,新能源汽车技术,511
云南国防工业职业技术学院,智能焊接技术,501
云南国防工业职业技术学院,汽车检测与维修技术,495
云南国防工业职业技术学院,人工智能技术应用,503
云南国防工业职业技术学院,计算机应用技术,511
云南国防工业职业技术学院,物联网应用技术,501
云南国防工业职业技术学院,数字媒体技术,492
云南国防工业职业技术学院,市场营销,480
云南国防工业职业技术学院,电子商务,483
云南国防工业职业技术学院,现代物流管理,481
云南国防工业职业技术学院,大数据与会计,485
云南国防工业职业技术学院,大数据与审计,483
云南国防工业职业技术学院,旅游管理,486
云南国防工业职业技术学院,酒店管理与数字化运营。,480
云南国防工业职业技术学院,学前教育,488
云南国防工业职业技术学院,早期教育,483
云南国防工业职业技术学院,建筑工程技术,496
云南国防工业职业技术学院,工程造价,482
云南国防工业职业技术学院,应用化工技术,484
云南国防工业职业技术学院,化工智能制造技术,479
云南国防工业职业技术学院,药品生产技术,470
云南国防工业职业技术学院,社会体育,479
云南国防工业职业技术学院,休闲体育,476
云南国防工业职业技术学院,现代通信技术,489
云南国防工业职业技术学院,智能光电技术应用,503
云南国防工业职业技术学院,智能产品开发与应用,477
云南国防工业职业技术学院,眼视光技术,489
云南国防工业职业技术学院,康复治疗技术,495
红河卫生职业学院,护理,502
红河卫生职业学院,护理(高本贯通),541
红河卫生职业学院,老年保健与管理,497
红河卫生职业学院,临床医学,562
红河卫生职业学院,预防医学,557
红河卫生职业学院,康复治疗技术,506
红河卫生职业学院,医学检验技术,509
红河卫生职业学院,眼视光技术,501
红河卫生职业学院,药学,495
红河卫生职业学院,中药学,499
红河卫生职业学院,药品经营与管理,485
红河卫生职业学院,药品生产技术,486
红河卫生职业学院,中医学,496
红河卫生职业学院,针灸推拿,482
红河卫生职业学院,医学美容技术,497
红河卫生职业学院,中医养生保健,490
红河卫生职业学院,口腔医学,546
红河卫生职业学院,口腔医学技术,507
红河卫生职业学院,口腔卫生保健,500
红河卫生职业学院,健康大数据管理与服务,477
红河卫生职业学院,体育保健与康复,479
昭通卫生职业学院,助产,485
昭通卫生职业学院,医学美容技术,486
昭通卫生职业学院,婴幼儿托育服务与管理,493
昭通卫生职业学院,老年保健与管理,486
昭通卫生职业学院,医学检验技术,495
昭通卫生职业学院,康复治疗技术,497
昭通卫生职业学院,医学影像技术,499
昭通卫生职业学院,眼视光技术,491
昭通卫生职业学院,口腔医学技术,489
昭通卫生职业学院,公共卫生管理,477
昭通卫生职业学院,中医养生保健,483
昭通卫生职业学院,中医康复技术,485
昭通卫生职业学院,药学,495
昭通卫生职业学院,中药学,490
昭通卫生职业学院,药品质量与安全,472
昭通卫生职业学院,药品经营与管理,476
昭通卫生职业学院,预防医学,549
保山中医药高等专科学校,中医学,535
保山中医药高等专科学校,针灸推拿,516
保山中医药高等专科学校,中医骨伤,528
保山中医药高等专科学校,中医养生保健,502
保山中医药高等专科学校,中医康复技术,506
保山中医药高等专科学校,中药学,511
保山中医药高等专科学校,药学,407
保山中医药高等专科学校,药品生产技术,498
保山中医药高等专科学校,临床医学,547
保山中医药高等专科学校,口腔医学技术,514
保山中医药高等专科学校,康复治疗技术,513
保山中医药高等专科学校,医学影像技术,511
保山中医药高等专科学校,护理,503
保山中医药高等专科学校,老年保健与管理,497
保山中医药高等专科学校,助产,506
保山中医药高等专科学校,医学美容技术,514
保山中医药高等专科学校,医学检验技术,509
保山中医药高等专科学校,健康管理,492
保山中医药高等专科学校,医学营养,491
保山中医药高等专科学校,公共卫生管理,502
保山中医药高等专科学校,预防医学,529
保山中医药高等专科学校,体育保健与康复,499
昆明幼儿师范高等专科学校,学前教育,521
昆明幼儿师范高等专科学校,早期教育,517
昆明幼儿师范高等专科学校,音乐教育,506
昆明幼儿师范高等专科学校,美术教育,504
昆明幼儿师范高等专科学校,体育教育,495
昆明幼儿师范高等专科学校,婴幼儿托育服务与管理,506
昆明幼儿师范高等专科学校,舞蹈表演,495
昆明幼儿师范高等专科学校,艺术设计,493
昆明幼儿师范高等专科学校,数字媒体艺术设计,486
昆明幼儿师范高等专科学校,智慧健康养老服务与管理,476
昆明幼儿师范高等专科学校,健康管理,481
昆明幼儿师范高等专科学校,人力资源管理,471
昆明幼儿师范高等专科学校,现代物流管理,483
昆明幼儿师范高等专科学校,大数据与财务管理,495
昆明幼儿师范高等专科学校,电子商务,487
昆明幼儿师范高等专科学校,商务数据分析与应用,469
昆明幼儿师范高等专科学校,中小企业创业与经营,458
昆明幼儿师范高等专科学校,社会体育,486
昆明幼儿师范高等专科学校,食品营养与健康,488
昆明幼儿师范高等专科学校,老年保健与管理,485
昆明幼儿师范高等专科学校,网络直播与运营,497
昆明幼儿师范高等专科学校,现代家政服务与管理,496
昆明幼儿师范高等专科学校,软件技术,495
昆明幼儿师范高等专科学校,虚拟现实技术应用,492
云南国土资源职业学院,测绘地理信息技术,516
云南国土资源职业学院,地籍测绘与土地管理,517
云南国土资源职业学院,国土空间规划与测绘,509
云南国土资源职业学院,导航与位置服务,501
云南国土资源职业学院,摄影测量与遥感技术,513
云南国土资源职业学院,测绘工程技术,504
云南国土资源职业学院,数控技术,487
云南国土资源职业学院,汽车电子技术,506
云南国土资源职业学院,工业机器人技术,502
云南国土资源职业学院,智能控制技术,498
云南国土资源职业学院,土木工程检测技术,472
云南国土资源职业学院,建筑材料工程技术,476
云南国土资源职业学院,地下与隧道工程技术,509
云南国土资源职业学院,建设工程管理,503
云南国土资源职业学院,建筑装饰工程技术,497
云南国土资源职业学院,数字媒体技术,488
云南国土资源职业学院,全媒体广告策划与营销,476
云南国土资源职业学院,移动互联应用技术,485
云南国土资源职业学院,统计与会计核算,475
云南国土资源职业学院,市场营销,470
云南国土资源职业学院,跨境电子商务,478
云南国土资源职业学院,宝玉石鉴定与加工,484
云南国土资源职业学院,雕刻艺术设计,473
云南国土资源职业学院,首饰设计与工艺,589
云南国土资源职业学院,旅游管理,488
云南国土资源职业学院,酒店管理与数字化运营,487
云南国土资源职业学院,休闲服务与管理,479
云南国土资源职业学院,智慧健康养老服务与管理,483
云南国土资源职业学院,地质调查与矿产普查,506
云南国土资源职业学院,地质灾害调查与防治,508
云南国土资源职业学院,环境工程技术,500
云南国土资源职业学院,生态环境修复技术,504
云南机电职业技术学院,分布式发电与智能微电网技术,511
云南机电职业技术学院,电力系统继电保护技术,514
云南机电职业技术学院,现代物业管理,516
云南机电职业技术学院,材料成型及控制技术,501
云南机电职业技术学院,智能焊接技术,492
云南机电职业技术学院,工业机器人技术,498
云南机电职业技术学院,电气自动化技术,501
云南机电职业技术学院,工业互联网应用,503
云南机电职业技术学院,飞机机载设备装配调试技术,573
云南机电职业技术学院,无人机应用技术,553
云南机电职业技术学院,汽车制造与试验技术,519
云南机电职业技术学院,新能源汽车技术,507
云南机电职业技术学院,智能网联汽车技术,506
云南机电职业技术学院,食品检验检测技术,523
云南机电职业技术学院,粮食工程技术与管理,463
云南机电职业技术学院,动车组检修技术,522
云南机电职业技术学院,飞机机电设备维修,551
云南机电职业技术学院,计算机应用技术,535
云南机电职业技术学院,大数据技术,525
云南机电职业技术学院,人工智能技术应用,533
云南机电职业技术学院,大数据与会计,515
云南机电职业技术学院,电子商务,506
云南机电职业技术学院,现代物流管理,520
云南机电职业技术学院,应用越南语,453
云南水利水电职业学院,机电排灌工程技术,501
云南水利水电职业学院,岩土工程技术,495
云南水利水电职业学院,水文与水资源技术,516
云南水利水电职业学院,水利水电工程技术,528
云南水利水电职业学院,水生态修复技术,514
云南水利水电职业学院,分布式发电与智能微电网技术,523
云南水利水电职业学院,水利水电建筑工程,522
云南水利水电职业学院,水利工程,517
云南水利水电职业学院,智慧水利技术,507
云南水利水电职业学院,水环境智能监测与治理,503
云南水利水电职业学院,工业机器人技术,509
云南水利水电职业学院,输配电工程技术,511
云南水利水电职业学院,水电站运行与智能管理,516
云南水利水电职业学院,供用电技术,525
云南水利水电职业学院,电气自动化技术,513
云南水利水电职业学院,发电厂及电力系统,508
云南水利水电职业学院,电力系统自动化技术,516
云南水利水电职业学院,智能控制技术,495
云南水利水电职业学院,智慧城市管理技术,485
云南水利水电职业学院,建筑钢结构工程技术,473
云南水利水电职业学院,给排水工程技术,498
云南水利水电职业学院,市政工程技术,495
云南水利水电职业学院,建筑工程技术,485
云南水利水电职业学院,道路与桥梁工程技术,492
云南水利水电职业学院,工程测量技术,476
云南水利水电职业学院,建设工程监理,471
云南水利水电职业学院,装配式建筑工程技术,475
云南水利水电职业学院,安全技术与管理,482
云南水利水电职业学院,智能水务管理,496
云南水利水电职业学院,水利水电工程智能管理,503
云南水利水电职业学院,工程造价,472
云南水利水电职业学院,跨境电子商务,485
云南水利水电职业学院,网络营销与直播电商,481
云南水利水电职业学院,商务数据分析与应用,479
云南水利水电职业学院,嵌入式技术应用,477
云南水利水电职业学院,数字媒体技术,469
云南水利水电职业学院,大数据技术,480
云南水利水电职业学院,虚拟现实技术应用,486
云南水利水电职业学院,人工智能技术应用,497
云南水利水电职业学院,物联网应用技术,490
云南财经职业学院,计算机应用技术,486
云南财经职业学院,数字媒体技术,484
云南财经职业学院,大数据技术,474
云南财经职业学院,信息安全技术应用,463
云南财经职业学院,区块链技术应用,433
云南财经职业学院,健康管理,463
云南财经职业学院,婴幼儿托育服务与管理,435
云南财经职业学院,财税大数据应用,418
云南财经职业学院,资产评估与管理,466
云南财经职业学院,政府采购管理,462
云南财经职业学院,金融服务与管理,459
云南财经职业学院,财富管理,441
云南财经职业学院,大数据与财务管理,479
云南财经职业学院,大数据与会计,510
云南财经职业学院,大数据与审计,474
云南财经职业学院,会计信息管理,438
云南财经职业学院,统计与会计核算,458
云南财经职业学院,关务与外贸服务连锁经营与管理,433
云南财经职业学院,市场营销,426
云南财经职业学院,电子商务,454
云南财经职业学院,跨境电子商务,447
云南财经职业学院,网络营销与直播电商,435
云南财经职业学院,现代物流管理,454
云南财经职业学院,智慧旅游技术应用,315
云南工业信息职业学院,数字化设计与制造技术,412
云南工业信息职业学院,数控技术,433
云南工业信息职业学院,机械制造及自动化,428
云南工业信息职业学院,智能焊接技术,424
云南工业信息职业学院,机电一体化技术,442
云南工业信息职业学院,工业机器人技术,419
云南工业信息职业学院,电气自动化技术,443
云南工业信息职业学院,新能源汽车技术,433
云南工业信息职业学院,计算机网络技术,425
大理护理职业学院,医学检验技术,493
大理护理职业学院,医学影像技术,500
大理护理职业学院,卫生检验与检疫技术,453
大理护理职业学院,眼视光技术,490
大理护理职业学院,视觉训练与康复,426
大理护理职业学院,药学,501
大理护理职业学院,护理,482
大理护理职业学院,助产,457
大理护理职业学院,健康管理,443
大理护理职业学院,老年保健与管理,459
大理护理职业学院,护理,485
大理护理职业学院,助产,427
大理护理职业学院,健康管理,465
大理护理职业学院,老年保健与管理:,457
大理护理职业学院,智慧健康养老服务与管理,480
大理护理职业学院,针灸推拿,499
大理护理职业学院,中药学:,500
大理护理职业学院,中医康复技术,475
大理护理职业学院,中医养生保健。,474
大理护理职业学院,康复治疗技术,480
云南体育运动职业技术学院,运动训练,496
云南体育运动职业技术学院,体育教育,508
云南体育运动职业技术学院,民族传统体育,489
云南体育运动职业技术学院,体育保健与康复,481
云南体育运动职业技术学院,社会体育,479
云南体育运动职业技术学院,健身指导与管理,465
云南体育运动职业技术学院,运动健康指导,471
云南体育运动职业技术学院,运动数据分析,452
云南体育运动职业技术学院,高尔夫球运动与管理,459
云南体育运动职业技术学院,无人机应用技术,476
云南体育运动职业技术学院,飞行器维修技术,482
云南体育运动职业技术学院,康复治疗技术,476
云南体育运动职业技术学院,新闻采编与制作,477
云南体育运动职业技术学院,食品营养与健康,462
云南体育运动职业技术学院,休闲服务与管理,451
云南农业职业技术学院,宠物养护与驯导,501
云南农业职业技术学院,烟草栽培与加工技术,547
云南农业职业技术学院,园林技术,481
云南农业职业技术学院,园林工程技术,478
云南农业职业技术学院,农产品加工与质量检测,495
云南农业职业技术学院,食品质量与安全,480
云南农业职业技术学院,药品经营与管理药品生产技术,465
云南农业职业技术学院,中药学,459
云南农业职业技术学院,电子商务,463
云南农业职业技术学院,现代农业经济管理,489
云南农业职业技术学院,会计信息管理,477
云南林业职业技术学院,林业技术,498
云南林业职业技术学院,生态农业技术,473
云南林业职业技术学院,园林技术,486
云南林业职业技术学院,园艺技术,471
云南林业职业技术学院,植物保护与检疫技术,456
云南林业职业技术学院,中草药栽培与加工技术,469
云南林业职业技术学院,作物生产与经营管理,452
云南林业职业技术学院,宠物养护与驯导,472
云南林业职业技术学院,畜牧兽医,496
云南林业职业技术学院,动物医学,503
云南林业职业技术学院,计算机网络技术,488
云南林业职业技术学院,烹饪工艺与营养,453
云南林业职业技术学院,汽车检测与维修技术,465
云南林业职业技术学院,食品质量与安全,447
云南林业职业技术学院,新能源汽车技术,452
云南林业职业技术学院,药品经营与管理,445
云南林业职业技术学院,大数据与财务管理,453
云南林业职业技术学院,大数据与会计,449
云南林业职业技术学院,高速铁路客运服务,441
云南林业职业技术学院,旅游管理,449
云南林业职业技术学院,网络营销与直播电商,452
大理农林职业技术学院,林业技术,479
大理农林职业技术学院,生态农业技术,471
大理农林职业技术学院,园林技术,469
大理农林职业技术学院,园艺技术,458
大理农林职业技术学院,畜牧兽医,463
大理农林职业技术学院,动物医学,478
大理农林职业技术学院,计算机网络技术,466
大理农林职业技术学院,旅游管理,450
大理农林职业技术学院,网络营销与直播电商,448
大理农林职业技术学院,植物保护与检疫技术,441
大理农林职业技术学院,中草药栽培与加工技术,446
大理农林职业技术学院,作物生产与经营管理,436
大理农林职业技术学院,宠物养护与驯导,447
大理农林职业技术学院,烹饪工艺与营养,432
大理农林职业技术学院,汽车检测与维修技术,445
大理农林职业技术学院,食品质量与安全,430
大理农林职业技术学院,新能源汽车技术,449
大理农林职业技术学院,药品经营与管理,436
大理农林职业技术学院,大数据与财务管理,431
大理农林职业技术学院,大数据与会计,434
大理农林职业技术学院,高速铁路客运服务,428
昆明工业职业技术学院,电气自动化技术,510
昆明工业职业技术学院,智能控制技术,490
昆明工业职业技术学院,工业互联网应用,451
昆明工业职业技术学院,电力系统自动化技术,501
昆明工业职业技术学院,供用电技术,495
昆明工业职业技术学院,工业机器人技术,481
昆明工业职业技术学院,数控技术,504
昆明工业职业技术学院,机电设备技术,495
昆明工业职业技术学院,智能焊接技术,500
昆明工业职业技术学院,机械制造及自动化,499
昆明工业职业技术学院,数字化设计与制造技术,469
昆明工业职业技术学院,计算机网络技术,480
昆明工业职业技术学院,信息安全技术应用,468
昆明工业职业技术学院,广告艺术设计,457
昆明工业职业技术学院,电子商务,453
昆明工业职业技术学院,大数据技术,482
昆明工业职业技术学院,建筑钢结构工程技术,456
昆明工业职业技术学院,建筑工程技术,464
昆明工业职业技术学院,工程造价,461
昆明工业职业技术学院,工程测量技术,475
昆明工业职业技术学院,道路与桥梁工程技术,465
昆明工业职业技术学院,智能建造技术,459
昆明工业职业技术学院,大数据与会计,453
昆明工业职业技术学院,统计与会计核算,406
昆明工业职业技术学院,市场营销,455
昆明工业职业技术学院,现代物业管理,469
昆明工业职业技术学院,人力资源管理,452
昆明工业职业技术学院,网络营销与直播电商,459
昆明工业职业技术学院,早期教育,441
昆明工业职业技术学院,学前教育,457
昆明工业职业技术学院,康复治疗技术,480
昆明工业职业技术学院,健康管理,477
昆明工业职业技术学院,智慧健康养老服务与管理,458
昆明工业职业技术学院,钢铁智能冶金技术,488
昆明工业职业技术学院,材料成型及控制技术,450
昆明工业职业技术学院,分析检验技术,463
昆明工业职业技术学院,应用化工技术,468
昆明工业职业技术学院,材料工程技术,448
昆明工业职业技术学院,金属智能加工技术,464
昆明工业职业技术学院,矿山智能开采技术,464
昆明工业职业技术学院,资源综合利用技术,447
昆明工业职业技术学院,现代物流管理,449
昆明工业职业技术学院,汽车制造与试验技术,475
昆明工业职业技术学院,新能源汽车技术,500
昆明工业职业技术学院,汽车检测与维修技术,483
昆明工业职业技术学院,供应链运营,453
玉溪农业职业技术学院,作物生产与经营管理,469
玉溪农业职业技术学院,种子生产与经营,462
玉溪农业职业技术学院,烟草栽培与加工技术,481
玉溪农业职业技术学院,农产品加工与质量检测,463
玉溪农业职业技术学院,绿色食品生产技术,443
玉溪农业职业技术学院,园艺技术,442
玉溪农业职业技术学院,园林技术,447
玉溪农业职业技术学院,食用菌生产与加工技术,436
玉溪农业职业技术学院,现代农业技术,446
玉溪农业职业技术学院,宠物医疗技术,431
玉溪农业职业技术学院,动物防疫与检疫,435
玉溪农业职业技术学院,水产养殖技术,449
玉溪农业职业技术学院,畜牧兽医,452
玉溪农业职业技术学院,食品智能加工技术,428
玉溪农业职业技术学院,食品检验检测技术,426
玉溪农业职业技术学院,药品生产技术,430
玉溪农业职业技术学院,药品质量与安全,435
玉溪农业职业技术学院,药品经营与管理,428
玉溪农业职业技术学院,药学,437
玉溪农业职业技术学院,中药学,449
玉溪农业职业技术学院,中药材生产与加工,437
玉溪农业职业技术学院,烹饪工艺与营养,429
玉溪农业职业技术学院,中医养生保健,430
玉溪农业职业技术学院,婴幼儿托育服务与管理,425
玉溪农业职业技术学院,建筑室内设计,448
玉溪农业职业技术学院,工程造价,426
玉溪农业职业技术学院,无人机应用技术,451
玉溪农业职业技术学院,环境艺术设计,433
玉溪农业职业技术学院,现代农业经济管理,441
玉溪农业职业技术学院,大数据与财务管理,433
玉溪农业职业技术学院,大数据与会计,426
玉溪农业职业技术学院,市场营销,418
玉溪农业职业技术学院,电子商务,420
玉溪农业职业技术学院,现代物流管理,422
玉溪农业职业技术学院,现代文秘,419
玉溪农业职业技术学院,农业电气化技术,437
玉溪农业职业技术学院,物联网应用技术,425
玉溪农业职业技术学院,计算机应用技术,433
玉溪农业职业技术学院,计算机网络技术,430
玉溪农业职业技术学院,信息安全技术应用,427
云南交通运输职业学校,汽车技术服务与营销,498
云南交通运输职业学校,新能源汽车技术,509
云南交通运输职业学校,汽车制造与试验技术,497
云南交通运输职业学校,新能源汽车检测与维修技术,489
云南交通运输职业学校,汽车造型与改装技术,477
云南交通运输职业学校,道路养护与管理,462
云南交通运输职业学校,道路机械化施工技术,458
云南交通运输职业学校,工程造价,441
云南交通运输职业学校,土木工程检测技术,446
云南交通运输职业学校,道路与桥梁工程技术,457
云南交通运输职业学校,智能工程机械运用技术,466
云南交通运输职业学校,航海技术,498
云南交通运输职业学校,轮机工程技术,501
云南交通运输职业学校,港口物流管理,497
云南交通运输职业学校,港口与航运管理,486
云南交通运输职业学校,国际邮轮乘务管理,463
云南交通运输职业学校,飞机机电设备维惨,504
云南交通运输职业学校,无人机应用技术,496
云南交通运输职业学校,通用航空器维修,492
云南交通运输职业学校,民航运输服务,475
云南交通运输职业学校,飞行器数字化制造技术,471
云南交通运输职业学校,软件技术,452
云南交通运输职业学校,汽车智能技术,461
云南交通运输职业学校,大数据技术,439
云南交通运输职业学校,智能交通技术,485
云南交通运输职业学校,智能网联汽车技术,476
云南交通运输职业学校,城市轨道交通运营管理,481
云南交通运输职业学校,铁道通信与信息化技术,503
云南交通运输职业学校,铁道车辆技术,516
云南交通运输职业学校,铁道交通运营管理,507
云南交通运输职业学校,智慧健康养老服务与管理,448
云南交通运输职业学校,休闲服务与管理,451
云南交通运输职业学校,现代家政服务与管理,453
云南交通运输职业学校,酒店管理与数字化运营,441
云南工贸职业技术学院,智能产品开发与应用,456
云南工贸职业技术学院,数控技术,457
云南工贸职业技术学院,工业机器人技术,455
云南工贸职业技术学院,机电一体化技术,452
云南工贸职业技术学院,电气自动化技术,447
云南工贸职业技术学院,机械制造及自动化,450
云南工贸职业技术学院,软件技术,436
云南工贸职业技术学院,信息安全技术应用,439
云南工贸职业技术学院,数字媒体技术,431
云南工贸职业技术学院,云计算技术应用,438
云南工贸职业技术学院,现代通信技术,419
云南工贸职业技术学院,智能互联网络技术,425
云南工贸职业技术学院,应用化工技术,411
云南工贸职业技术学院,食品质量与安全,413
云南工贸职业技术学院,水环境智能监测与治理,418
云南工贸职业技术学院,药品生产技术,428
云南工贸职业技术学院,中药材生产与加工,421
云南工贸职业技术学院,健康管理,416
云南工贸职业技术学院,婴幼儿托育服务与管理,426
云南工贸职业技术学院,烹饪工艺与营养,428
云南工贸职业技术学院,食品营养与健康,417
云南工贸职业技术学院,智慧健康养老服务与管理,411
云南工贸职业技术学院,社区康复,413
云南工贸职业技术学院,汽车检测与维修技术,426
云南工贸职业技术学院,新能源汽车技术,425
云南工贸职业技术学院,新能源汽车检测与维修技术,436
云南工贸职业技术学院,环境艺术设计,413
云南工贸职业技术学院,建筑装饰工程技术,429
云南工贸职业技术学院,建筑工程技术,416
云南工贸职业技术学院,工艺美术品设计,407
西双版纳职业技术学院,供用电技术,485
西双版纳职业技术学院,新能源汽车技术,457
西双版纳职业技术学院,学前教育,447
西双版纳职业技术学院,早期教育,443
西双版纳职业技术学院,法律事务,467
西双版纳职业技术学院,应用杂语,426
西双版纳职业技术学院,应用外语(老挝语),421
西双版纳职业技术学院,应用外语(缅甸语),429
西双版纳职业技术学院,应用英语,427
西双版纳职业技术学院,中文,436
西双版纳职业技术学院,护理,447
西双版纳职业技术学院,康复治疗技术,441
西双版纳职业技术学院,药学,448
西双版纳职业技术学院,畜牧兽医,451
西双版纳职业技术学院,林业技术,446
西双版纳职业技术学院,现代农业技术,450
西双版纳职业技术学院,植物保护与检疫技术,436
西双版纳职业技术学院,茶叶生产与加工技术,497
西双版纳职业技术学院,食品质量与安全,431
西双版纳职业技术学院,国际经济与贸易,451
西双版纳职业技术学院,大数据与会计旅游管理,440
西双版纳职业技术学院,跨境电子商务,446
西双版纳职业技术学院,酒店管理与数字化远营,437
西双版纳职业技术学院,现代物流管理,439
西双版纳职业技术学院,计算机应用技术,452
西双版纳职业技术学院,数字媒体技术,445
云南旅游职业学院,空中乘务,463
云南旅游职业学院,高速铁路客运服务,474
云南旅游职业学院,酒店管理与数字化运营,449
云南旅游职业学院,国际邮轮乘务管理,437
云南旅游职业学院,婚庆服务与管理,420
云南旅游职业学院,茶艺与茶文化,438
云南旅游职业学院,导游,442
云南旅游职业学院,旅游管理,458
云南旅游职业学院,智慧景区开发与管理,426
云南旅游职业学院,研学旅行管理与服务,427
云南旅游职业学院,智慧旅游技术应用,438
云南旅游职业学院,烹饪工艺与营养,469
云南旅游职业学院,西式烹饪工艺,470
云南旅游职业学院,中西面点工艺,511
云南旅游职业学院,营养配餐,453
云南旅游职业学院,餐饮智能管理,424
云南旅游职业学院,小学英语教育,453
云南旅游职业学院,旅游英语,422
云南旅游职业学院,应用泰语,417
云南旅游职业学院,大数据与会计,459
云南旅游职业学院,大数据与财务管理,446
云南旅游职业学院,现代物流管理,444
云南旅游职业学院,网络营销与直播电商,443
云南旅游职业学院,工程测量技术,442
云南旅游职业学院,宝玉石鉴定与加工,432
云南文化艺术职业学院,播音与主持,452
云南文化艺术职业学院,导游,449
云南文化艺术职业学院,歌舞表演,428
云南文化艺术职业学院,广播影视节目制作,431
云南文化艺术职业学院,酒店管理与数字化运营,416
云南文化艺术职业学院,国际标准舞,406
云南文化艺术职业学院,健身指导与管理,408
云南文化艺术职业学院,空中乘务,417
云南文化艺术职业学院,旅游管理,416
云南文化艺术职业学院,烹饪工艺与营养,420
云南文化艺术职业学院,汽车制造与试验技术,425
云南文化艺术职业学院,人工智能技术应用,429
云南文化艺术职业学院,人物形象设计,446
云南文化艺术职业学院,融媒体技术与运营,432
云南文化艺术职业学院,软件技术,411
云南文化艺术职业学院,视觉传达设计,429
云南文化艺术职业学院,书画艺术,441
云南文化艺术职业学院,数字媒体艺术设计,409
云南文化艺术职业学院,体育保健与康复,402
云南文化艺术职业学院,网络营销与直播电商,416
云南文化艺术职业学院,无人机应用技术,422
云南文化艺术职业学院,舞蹈编导,415
云南文化艺术职业学院,舞蹈表演,417
云南文化艺术职业学院,舞蹈教育,429
云南文化艺术职业学院,学前教育,416
云南文化艺术职业学院,研学旅行管理与服务,403
云南文化艺术职业学院,艺术教育,410
云南文化艺术职业学院,音乐表演(器乐),414
云南文化艺术职业学院,音乐表演(声乐),410
云南文化艺术职业学院,婴幼儿托育服务与管理,408
云南文化艺术职业学院,早期教育,413
云南旅游职业学院,无人机应用技术,464
曲靖职业技术学院,现代农业技术,417
曲靖职业技术学院,绿色食品生产技术,405
曲靖职业技术学院,烹饪工艺与营养,407
曲靖职业技术学院,食品营养与健康,407
曲靖职业技术学院,金融服务与管理,401
曲靖职业技术学院,旅游管理,416
曲靖职业技术学院,大数据与审计,405
曲靖职业技术学院,现代物流管理,421
曲靖职业技术学院,大数据技术,401
曲靖职业技术学院,动漫制作技术,413
曲靖职业技术学院,人工智能技术应用,415
曲靖职业技术学院,婴幼儿托育服务与管理,402
曲靖职业技术学院,药品生产技术,424
曲靖职业技术学院,药物制剂技术,426
曲靖职业技术学院,汽车检测与维修技术是,416
曲靖职业技术学院,新能源汽车技术,433
曲靖职业技术学院,机电一体化技术,447
曲靖职业技术学院,汽车技术服务与营销,416
曲靖职业技术学院,化工智能制造技术,411
曲靖职业技术学院,化工安全技术,419
云南锡业职业技术学院,电气自动化技术,476
云南锡业职业技术学院,供用电技术,469
云南锡业职业技术学院,机电一体化技术,482
云南锡业职业技术学院,机械制造及自动化,471
云南锡业职业技术学院,新能源汽车技术,458
云南锡业职业技术学院,汽车制造与试验技术,449
云南锡业职业技术学院,道路与桥梁工程技术,439
云南锡业职业技术学院,高速铁路客运服务,426
云南锡业职业技术学院,工程测量技术,438
云南锡业职业技术学院,工程造价,435
云南锡业职业技术学院,建筑工程技术,429
云南锡业职业技术学院,建筑消防技术,441
云南锡业职业技术学院,大数据与财务管理,436
云南锡业职业技术学院,工艺美术品设计,447
云南锡业职业技术学院,数字媒体艺术设计,448
云南锡业职业技术学院,现代物流管理,442
云南锡业职业技术学院,法律事务,449
云南锡业职业技术学院,安全技术与管理,435
云南锡业职业技术学院,分析检验技术,432
云南锡业职业技术学院,药品经营与管理,430
云南锡业职业技术学院,有色金属智能冶金技术,466
云南锡业职业技术学院,矿山智能开采技术,471
云南锡业职业技术学院,矿物加工技术,463
云南锡业职业技术学院,应用化工技术,447
云南现代职业技术学院,新能源材料应用技术,444
云南现代职业技术学院,数控技术,440
云南现代职业技术学院,智能焊接技术,439
云南现代职业技术学院,智能制造装备技术,448
云南现代职业技术学院,机电一体化技术,476
云南现代职业技术学院,电气自动化技术,465
云南现代职业技术学院,作物生产与经营管理,439
云南现代职业技术学院,药品生产技术,431
云南现代职业技术学院,药品经营与管理,429
云南现代职业技术学院,中药材生产与加工,436
云南现代职业技术学院,汽车制造与试验技术,442
云南现代职业技术学院,智能网联汽车技术,447
云南现代职业技术学院,高速铁路客运服务,436
云南现代职业技术学院,新能源汽车检测与维修技术,449
云南现代职业技术学院,民航安全技术管理,451
云南现代职业技术学院,酒店管理与数字化运营,428
云南现代职业技术学院,烹饪工艺与营养,438
云南现代职业技术学院,书画艺术(艺术类),435
云南现代职业技术学院,广告艺术设计,435
云南现代职业技术学院,影视多媒体技术,446
云南现代职业技术学院,社会体育(体育类),430
云南现代职业技术学院,护理,448
云南现代职业技术学院,康复治疗技术,442
云南现代职业技术学院,学前教育,435
云南现代职业技术学院,婴幼儿托育服务与管理,432
云南现代职业技术学院,无人机应用技术,459
云南现代职业技术学院,消防救援技术,446
云南现代职业技术学院,智能建造技术,431
云南现代职业技术学院,大数据与会计,433
云南现代职业技术学院,现代通信技术,441
云南轻纺职业学院,服装设计与工艺,467
云南轻纺职业学院,机场运行服务与管理,439
云南轻纺职业学院,服装与服饰设计,441
云南轻纺职业学院,食品检验检测技术,436
云南轻纺职业学院,烹饪工艺与营养,448
云南轻纺职业学院,社区管理与服务,439
云南轻纺职业学院,智慧健康养老服务与管理,429
云南轻纺职业学院,工业机器人技术,446
云南轻纺职业学院,智能控制技术,441
云南轻纺职业学院,机电设备技术,469
云南轻纺职业学院,机电一体化技术,462
云南轻纺职业学院,新能源汽车技术,451
云南轻纺职业学院,视觉传达设计,435
云南轻纺职业学院,广告艺术设计,432
云南轻纺职业学院,工艺美术品设计,431
云南轻纺职业学院,数字媒体艺术设计,441
云南轻纺职业学院,建筑室内设计,452
云南轻纺职业学院,艺术设计,436
云南轻纺职业学院,信息安全技术应用,447
云南轻纺职业学院,大数据技术,435
云南轻纺职业学院,现代移动通信技术,434
云南轻纺职业学院,人工智能技术应用,433
云南轻纺职业学院,云计算技术应用,446
云南轻纺职业学院,大数据与财务管理,438
云南轻纺职业学院,大数据与会计,440
云南轻纺职业学院,电子商务,452
云南轻纺职业学院,酒店管理与数字化运,427
云南轻纺职业学院,业财数据应用与管理,425
云南能源职业技术学院,环境地质工程,451
云南能源职业技术学院,工程测量技术,432
云南能源职业技术学院,测绘地理信息技术,448
云南能源职业技术学院,煤矿智能开采技术,457
云南能源职业技术学院,通风技术与安全管理,446
云南能源职业技术学院,环境监测技术,435
云南能源职业技术学院,安全技术与管理,426
云南能源职业技术学院,应用化工技术,439
云南能源职业技术学院,无人机测绘技术,451
云南能源职业技术学院,电力系统自动化技术,458
云南能源职业技术学院,电气自动化技术,453
云南能源职业技术学院,发电厂及电力系统,447
云南能源职业技术学院,风力发电工程技术,449
云南能源职业技术学院,工业机器人技术,443
云南能源职业技术学院,供用电技术,448
云南能源职业技术学院,光伏工程技术,452
云南能源职业技术学院,机电一体化技术,456
云南能源职业技术学院,机械制造及自动化,451
云南能源职业技术学院,数控技术,438
云南能源职业技术学院,水电站运行与智能管理,453
云南能源职业技术学院,新能源汽车技术,440
云南能源职业技术学院,新能源装备技术,437
云南能源职业技术学院,食品智能加工技术,425
云南能源职业技术学院,烹饪工艺与营养,429
云南能源职业技术学院,智慧健康养老服务与管理,434
云南能源职业技术学院,大数据与财务管理,436
云南能源职业技术学院,大数据与会计,433
云南能源职业技术学院,市场营销,425
云南能源职业技术学院,现代物流管理,428
云南能源职业技术学院,冷链物流技术与管理,421
云南能源职业技术学院,广告艺术设计,426
云南能源职业技术学院,社区管理与服务,422
云南能源职业技术学院,人力资源管理,436
云南能源职业技术学院,现代文秘,425
云南能源职业技术学院,物联网应用技术,438
云南能源职业技术学院,计算机应用技术,449
云南能源职业技术学院,计算机网络技术,445
云南能源职业技术学院,软件技术,445
云南能源职业技术学院,数字媒体技术,441
云南能源职业技术学院,大数据技术,437
云南能源职业技术学院,信息安全技术应用,439
云南能源职业技术学院,移动应用开发,440
红河职业技术学院,建筑消防技术,426
红河职业技术学院,生态环境修复技术,420
红河职业技术学院,应用电子技术,442
红河职业技术学院,机电一体化技术,451
红河职业技术学院,生态农业技术,439
红河职业技术学院,书画艺术,421
红河职业技术学院,中草药栽培与加工技术,436
红河职业技术学院,智能制造装备技术,447
红河职业技术学院,雕塑设计,416
红河职业技术学院,城市轨道交通运营管理,423
红河职业技术学院,智能物流技术,425
红河职业技术学院,建筑工程技术,415
红河职业技术学院,智能建造技术,418
红河职业技术学院,舞蹈表演,406
红河职业技术学院,跨境电子商务,425
红河职业技术学院,运动训练,403
红河职业技术学院,陶瓷设计与工艺,407
红河职业技术学院,新能源汽车检测与维修技术,435
红河职业技术学院,美容美体艺术,405
红河职业技术学院,婴幼儿托育服务与管理,412
红河职业技术学院,畜牧兽医,447
红河职业技术学院,种子生产与经营,432
红河职业技术学院,应急救援技术,428
红河职业技术学院,大数据与会计,426
红河职业技术学院,学前教育,416
红河职业技术学院,计算机网络技术,422
红河职业技术学院,烹饪工艺与营养,418
红河职业技术学院,民宿管理与运营,413
红河职业技术学院,智能交通技术,415
红河职业技术学院,新能源材料应用技术,416
红河职业技术学院,关务与外贸服务,425
红河职业技术学院,古建筑工程技术,418
昭通职业学院,体育教育(国控专业),436
昭通职业学院,学前教育(国控专业),429
昭通职业学院,畜牧兽医,445
昭通职业学院,大数据与财务管理,416
昭通职业学院,建筑工程技术,411
昭通职业学院,数字媒体技术,416
昭通职业学院,智能制造装备技术,427
昭通职业学院,运动训练,415
昭通职业学院,网络营销与直播电商,431
昭通职业学院,新能源汽车技术,425
昭通职业学院,艺术设计,410
昭通职业学院,供用电技术,431
昭通职业学院,法律事务,428
昭通职业学院,烹饪工艺与营养,422
昭通职业学院,供应链运营,419
昭通职业学院,现代移动通信技术,411
昭通职业学院,人工智能技术应用,413
德宏职业学院,财税大数据应用,408
德宏职业学院,大数据与会计,407
德宏职业学院,电子商务,426
德宏职业学院,跨境电子商务,417
德宏职业学院,旅游管理,410
德宏职业学院,烹饪工艺与营养,413
德宏职业学院,婴幼儿托育服务与管理,407
德宏职业学院,大数据技术,411
德宏职业学院,计算机网络技术,421
德宏职业学院,计算机应用技术,423
德宏职业学院,信息安全技术应用,417
德宏职业学院,室内艺术设计,435
德宏职业学院,供用电技术,447
德宏职业学院,电气自动化技术,449
德宏职业学院,工业机器人技术,415
德宏职业学院,汽车制造与试验技术,428
德宏职业学院,新能源汽车技术,421
德宏职业学院,眼视光技术,416
德宏职业学院,医学美容技术,428
德宏职业学院,傣医学,447
德宏职业学院,护理,436
德宏职业学院,康复治疗技术,425
德宏职业学院,老年保健与管理,421
德宏职业学院,针灸推拿,427
德宏职业学院,中医学,445
德宏职业学院,中草药栽培与加工技术,426
德宏职业学院,药学,425
德宏职业学院,医学检验技术,423
德宏职业学院,医学影像技术,422
文山职业技术学院,学前教育,438
文山职业技术学院,运动训练,416
文山职业技术学院,人工智能技术应用,427
文山职业技术学院,无人机应用技术,432
文山职业技术学院,工业过程自动化技,416
文山职业技术学院,机电一体化技术,447
文山职业技术学院,护理,416
文山职业技术学院,康复治疗技术,415
文山职业技术学院,医学检验技术,417
文山职业技术学院,口腔医学技术,412
文山职业技术学院,畜牧兽医,437
文山职业技术学院,中药材生产与加工,415
文山职业技术学院,新能源汽车技术,421
文山职业技术学院,网络营销与直播电商,426
文山职业技术学院,烹饪工艺与营养,418
文山职业技术学院,酒店管理与数字化运营,406
临沧职业学院,茶叶生产与加工技术,448
临沧职业学院,农产品加工与质量检测,421
临沧职业学院,畜牧兽医,426
临沧职业学院,智能制造装备技术,421
临沧职业学院,机电一体化技术,438
临沧职业学院,新能源汽车技术,419
临沧职业学院,药学,412
临沧职业学院,中医康复技术,417
临沧职业学院,婴幼儿托育服务与管理,415
临沧职业学院,跨境电子商务,420
临沧职业学院,民族表演艺术,406
怒江职业技术学院,建筑工程技术,425
怒江职业技术学院,婴幼儿托育服务与管理,416
怒江职业技术学院,旅游管理,401
怒江职业技术学院,表演艺术,398
怒江职业技术学院,休闲体育,399
怒江职业技术学院,供用电技术,421
怒江职业技术学院,新能源汽车检测与维修技术,416
丽江职业技术学院,新能源汽车检测与维修技术,418
丽江职业技术学院,中医养生保健,405
丽江职业技术学院,研学旅行管理与服务,401
丽江职业技术学院,产品艺术设计(艺术类）,409
丽江职业技术学院,物联网应用技术,410
丽江职业技术学院,畜牧兽医,426
丽江职业技术学院,新能源汽车技术,421
丽江职业技术学院,健康大数据管理与服务,413
丽江职业技术学院,婴幼儿托育服务与管理,408
丽江职业技术学院,民宿管理与运营,392
丽江职业技术学院,绿色食品生产技术,389
丽江职业技术学院,智能制造装备技术,405
丽江职业技术学院,人工智能技术应用,400
丽江职业技术学院,智慧健康养老服务与管理,396
丽江职业技术学院,酒店管理与数字化运营,385
丽江职业技术学院,中药材生产与加工,411
丽江职业技术学院,数字媒体艺术设计(艺术类),406
玉溪职业技术学院,中医康复技术,433
玉溪职业技术学院,护理,425
玉溪职业技术学院,康复治疗技术,421
玉溪职业技术学院,智能光电技术应用,428
玉溪职业技术学院,人工智能技术运用,416
玉溪职业技术学院,生物制药技术,419
玉溪职业技术学院,食品智能加工技术,405
玉溪职业技术学院,旅游管理,421
玉溪职业技术学院,体育保健与康复,405
玉溪职业技术学院,运动训练,408
玉溪职业技术学院,新能源汽车检测与维修技术,428
玉溪职业技术学院,智能网联汽车技术,425
玉溪职业技术学院,智能建造技术,419
玉溪职业技术学院,电气自动化技术,439
玉溪职业技术学院,数字化设计与制造技术,416
玉溪职业技术学院,智能控制技术,411
玉溪职业技术学院,财税大数据运用,395
保山职业学院,食品智能加工技术,405
保山职业学院,农产品加工与质量检测,407
保山职业学院,烹饪工艺与营养,419
保山职业学院,西式烹饪工艺,411
保山职业学院,酒店管理与数字化运营,400
保山职业学院,跨境电子商务,406
保山职业学院,农村电子商务,425
保山职业学院,老年保健与管理,403
保山职业学院,健康管理,396
保山职业学院,智能机电技术,421
保山职业学院,新能源汽车技术,416
保山职业学院,安全技术与管理,407
保山职业学院,现代通信技术,402
保山职业学院,数字化设计与制造技术,400
香格里拉职业学院,林业技术,416
香格里拉职业学院,畜牧兽医,435
香格里拉职业学院,康复治疗技术,412
香格里拉职业学院,现代文秘,405
香格里拉职业学院,旅游管理,396
香格里拉职业学院,酒店管理与数字化运营,391
香格里拉职业学院,绿色食品生产技术,401
香格里拉职业学院,民族表演艺术,418
香格里拉职业学院,新能源汽车检测与维修技术,411
昆明城市学院,软件技术,398
昆明城市学院,大数据技术,345
昆明城市学院,信息安全技术应用,365
昆明城市学院,人工智能技术应用,349
昆明城市学院,大数据与财务管理,387
昆明城市学院,商务数据分析与应用,359
昆明城市学院,网络新闻与传播,398
昆明城市学院,早期教育,387
昆明城市学院,中文,342
昆明城市学院,社区康复,368
昆明传媒学院,数字媒体技术,369
昆明传媒学院,视觉传达设计,374
昆明传媒学院,融媒体技术与营销,369
昆明传媒学院,人物形象设计,356
云南经济管理学院,播音与主持,387
云南经济管理学院,电力系统自动化技术,392
云南经济管理学院,新能源汽车技术:,385
云南经济管理学院,计算机应用技术,365
云南经济管理学院,人工智能技术应用,371
云南经济管理学院,护理,376
云南经济管理学院,现代通信技术,368
云南经济管理学院,应用英语,343
云南经济管理学院,运动训练,357
云南经济管理学院,药学,368
云南经济管理学院,医学检验技术,377
云南经济管理学院,口腔医学技术,369
云南经济管理学院,康复治疗技术,365
云南经济管理学院,数字媒体艺术设计,356
云南经济管理学院,新闻采编与制作,369
云南经济管理学院,艺术设计,339
云南经济管理学院,舞蹈表演,334
云南经济管理学院,表演艺术,338
云南经济管理学院,建筑室内设计,374
云南经济管理学院,法律事务,379
云南经济管理学院,大数据与会计,356
云南经济管理学院,工程测量技术,365
云南经济管理学院,工程造价,344
云南经济管理学院,高速铁路客运服务,365
云南经济管理学院,市场营销,341
云南工商学院,护理,379
云南工商学院,大数据与会计,395
云南工商学院,中文,368
云南工商学院,电气自动化技术,377
云南工商学院,计算机网络技术,379
云南工商学院,机电一体化技术,385
滇池学院,无人机应用技术,346
滇池学院,物联网应用技术,358
滇池学院,大数据与审计,356
云南三鑫职业技术学院,护理,323
云南三鑫职业技术学院,药学,320
云南三鑫职业技术学院,医学影像技术,316
云南三鑫职业技术学院,口腔医学技术,325
云南三鑫职业技术学院,助产,315
云南三鑫职业技术学院,医学检验技术,320
云南三鑫职业技术学院,中医康复技术,312
云南三鑫职业技术学院,中药学,321
云南三鑫职业技术学院,动物医学,315
云南三鑫职业技术学院,建筑工程技术,316
云南三鑫职业技术学院,建筑室内设计,310
云南三鑫职业技术学院,工程造价,300
云南三鑫职业技术学院,供用电技术,300
云南三鑫职业技术学院,汽车制造与试验技术,318
云南三鑫职业技术学院,新能源汽车检测与维修技术,321
云南三鑫职业技术学院,城市轨道交通运营管理,325
云南三鑫职业技术学院,大数据与财务管理,321
云南三鑫职业技术学院,大数据与会计,320
云南三鑫职业技术学院,电子商务,319
云南三鑫职业技术学院,光伏工程技术,312
云南三鑫职业技术学院,智能网联汽车技术,315
云南三鑫职业技术学院,学前教育,317
云南三鑫职业技术学院,空中乘务,315
云南三鑫职业技术学院,影视动画,320
云南三鑫职业技术学院,社会体育,315
云南三鑫职业技术学院,人物形象设计,315
云南三鑫职业技术学院,民族表演艺术,300
云南三鑫职业技术学院,融媒体技术与运营,310
云南医药健康职业学院,动物医学,315
云南医药健康职业学院,智能医疗装备技术,310
云南医药健康职业学院,临床医学,335
云南医药健康职业学院,护理,335
云南医药健康职业学院,助产,325
云南医药健康职业学院,药学,320
云南医药健康职业学院,针灸推拿,330
云南医药健康职业学院,中药学,321
云南医药健康职业学院,中医康复技术,318
云南医药健康职业学院,中医养生保健,315
云南医药健康职业学院,药膳与食疗,310
云南医药健康职业学院,医学检验技术,334
云南医药健康职业学院,医学影像技术,335
云南医药健康职业学院,口腔医学技术,338
云南医药健康职业学院,医学美容技术,316
云南医药健康职业学院,康复治疗技术,317
云南医药健康职业学院,健康管理,310
云南医药健康职业学院,眼视光技术,312
云南医药健康职业学院,体育保健与康复,300
云南医药健康职业学院,口腔医学,340
云南商务职业学院,医学检验技术,330
云南商务职业学院,医学影像技术,338
云南商务职业学院,康复治疗技术,305
云南商务职业学院,烹饪工艺与营养,300
云南商务职业学院,社会体育,306
云南商务职业学院,智慧健康养老服务与管理,304
云南商务职业学院,社区康复,300
云南商务职业学院,护理,330
云南商务职业学院,婴幼儿托育服务与管理,312
云南商务职业学院,大数据与财务管理,336
云南商务职业学院,大数据与会计,335
云南商务职业学院,中小企业创业与经营,302
云南商务职业学院,跨境电子商务,324
云南商务职业学院,网络营销与直播电商,312
云南商务职业学院,高速铁路客运服务,326
云南商务职业学院,空中乘务,328
云南商务职业学院,旅游管理,328
云南商务职业学院,酒店管理与数字化运营,331
云南商务职业学院,城市轨道交通运营管理,339
云南商务职业学院,汽车检测与维修技术,329
云南商务职业学院,新能源汽车检测与维修技术,332
云南商务职业学院,移动应用开发,306
云南商务职业学院,人工智能数据工程技术,319
云南商务职业学院,软件技术,320
云南商务职业学院,安全技术与管理,319
云南商务职业学院,安全智能监测技术,315
云南商务职业学院,应急救援技术,337
云南商务职业学院,建筑消防技术,329
云南商务职业学院,法律事务,336
云南商务职业学院,建筑室内设计,321
云南商务职业学院,工程造价,319
云南商务职业学院,建设工程管理,315
云南商务职业学院,环境艺术设计,319
云南商务职业学院,电子商务,329
云南商务职业学院,商务数据分析与应用,320
云南商务职业学院,现代物流管理,316
云南商务职业学院,新闻采编与制作,334
云南商务职业学院,影视多媒体技术,319
云南城市建设职业学院,建筑室内设计,321
云南城市建设职业学院,建筑工程技术,325
云南城市建设职业学院,视觉传达设计,310
云南城市建设职业学院,建筑设计,326
云南城市建设职业学院,工程测量技术,345
云南城市建设职业学院,工程造价,330
云南城市建设职业学院,城乡规划,320
云南城市建设职业学院,水利水电建筑工程,346
云南城市建设职业学院,建设工程管理,325
云南城市建设职业学院,建筑消防技术,326
云南城市建设职业学院,广告艺术设计,324
云南城市建设职业学院,智能建造技术,319
云南城市建设职业学院,应急救援技术,329
云南城市建设职业学院,建筑智能化工程技术,312
云南城市建设职业学院,护理,356
云南城市建设职业学院,动物医学,352
云南城市建设职业学院,口腔医学技术,365
云南城市建设职业学院,医学美容技术,330
云南城市建设职业学院,药品经营与管理,326
云南城市建设职业学院,婴幼儿托育服务与管理,321
云南城市建设职业学院,烹饪工艺与营养,315
云南城市建设职业学院,中西面点工艺,312
云南城市建设职业学院,学前教育,345
云南城市建设职业学院,中文,340
云南城市建设职业学院,大数据与会计,349
云南城市建设职业学院,大数据与财务管理,346
云南城市建设职业学院,中小企业创业与经营,310
云南城市建设职业学院,法律事务,347
云南城市建设职业学院,工商企业管理,310
云南城市建设职业学院,计算机应用技术,318
云南城市建设职业学院,现代移动通信技术,310
云南城市建设职业学院,大数据技术,336
云南城市建设职业学院,电子商务,346
云南城市建设职业学院,汽车检测与维修技术,356
云南城市建设职业学院,新能源汽车检测与维修技术,358
云南城市建设职业学院,城市轨道交通运营管理,360
云南城市建设职业学院,城市轨道交通工程技术,362
云南城市建设职业学院,民航安全技术管理,340
云南城市建设职业学院,网络营销与直播电商,310
云南城市建设职业学院,人工智能技术应用,336
云南外事外语职业学院,应用泰语,235
云南外事外语职业学院,应用韩语,236
云南外事外语职业学院,应用越南语,239
云南外事外语职业学院,应用外语(缅甸语),226
云南外事外语职业学院,应用外语(老挝语),225
云南外事外语职业学院,应用日语,225
云南外事外语职业学院,商务英语,245
云南外事外语职业学院,空中乘务,250
云南外事外语职业学院,城市轨道交通运营管理,266
云南外事外语职业学院,护理,277
云南外事外语职业学院,老年保健与管理,236
云南外事外语职业学院,智慧健康养老服务与管理,230
云南外事外语职业学院,医养照护服务,231
云南外事外语职业学院,学前教育,275
云南外事外语职业学院,中文,251
云南外事外语职业学院,社会体育,236
云南外事外语职业学院,戏剧影视表演,228
云南外事外语职业学院,婴幼儿托育服务与管理,236
云南外事外语职业学院,工程造价,244
云南外事外语职业学院,建筑室内设计,239
云南外事外语职业学院,水利水电建筑工程,264
云南外事外语职业学院,新能源汽车检测与维修技术,259
云南外事外语职业学院,城市轨道交通工程技术,270
云南外事外语职业学院,电子商务,256
云南外事外语职业学院,大数据与会计,261
云南外事外语职业学院,建设工程管理,253
云南外事外语职业学院,光伏工程技术,254
云南外事外语职业学院,影视动画,241
云南外事外语职业学院,跨境电子商务,254
云南外事外语职业学院,现代通信技术,239
云南外事外语职业学院,安全防范技术,236
云南外事外语职业学院,建筑消防技术,250
云南外事外语职业学院,美容美体艺术,241
云南工程职业学院,电气自动化技术,385
云南工程职业学院,机电一体化技术,386
云南工程职业学院,新能源汽车技术,379
云南工程职业学院,口腔医学技术,392
云南工程职业学院,护理,385
云南工程职业学院,计算机网络技术,379
云南工程职业学院,医学影像技术,386
云南工程职业学院,建筑室内设计,367
云南工程职业学院,康复治疗技术,352
云南工程职业学院,水利水电建筑工程,367
云南工程职业学院,高速铁路客运服务,351
云南工程职业学院,大数据与会计,359
云南工程职业学院,中文,354
云南工程职业学院,建筑消防技术,346
云南工程职业学院,建筑工程技术,350
云南工程职业学院,工程造价,342
云南工程职业学院,工业机器人技术,353
云南科技信息职业学院,计算机应用技术,335
云南科技信息职业学院,软件技术,331
云南科技信息职业学院,计算机网络技术,332
云南科技信息职业学院,电子信息工程技术,328
云南科技信息职业学院,现代通信技术,319
云南科技信息职业学院,大数据与会计,325
云南科技信息职业学院,大数据与财务管理,326
云南科技信息职业学院,现代物流管理,315
云南科技信息职业学院,网络营销与直播电商,312
云南科技信息职业学院,旅游管理,300
云南科技信息职业学院,智慧旅游技术应用,296
云南科技信息职业学院,高速铁路客运服务,326
云南科技信息职业学院,机场运行服务与管理,321
云南科技信息职业学院,新能源汽车检测与维修技术,337
云南科技信息职业学院,建筑室内设计,321
云南科技信息职业学院,园林工程技术,325
云南科技信息职业学院,建设工程管理,319
云南科技信息职业学院,工程造价,328
云南科技信息职业学院,建筑消防技术,320
云南科技信息职业学院,药品生产技术,336
云南科技信息职业学院,药品经营与管理,324
云南科技信息职业学院,药学,334
云南经贸外事职业学院,数控技术,335
云南经贸外事职业学院,机电一体化技术,352
云南经贸外事职业学院,电气自动化技术,356
云南经贸外事职业学院,无人机应用技术,335
云南经贸外事职业学院,汽车制造与试验技术,340
云南经贸外事职业学院,新能源汽车技术,356
云南经贸外事职业学院,智能网联汽车技术,341
云南经贸外事职业学院,汽车检测与维修技术,350
云南经贸外事职业学院,工程测量技术,351
云南经贸外事职业学院,建筑装饰工程技术,331
云南经贸外事职业学院,建筑室内设计,335
云南经贸外事职业学院,建筑工程技术,340
云南经贸外事职业学院,工程造价,341
云南经贸外事职业学院,建设工程管理,341
云南经贸外事职业学院,水利水电工程智能管理,350
云南经贸外事职业学院,道路与桥梁工程技术,352
云南经贸外事职业学院,城市轨道交通工程技术,357
云南经贸外事职业学院,护理,360
云南经贸外事职业学院,助产,350
云南经贸外事职业学院,药学,358
云南经贸外事职业学院,中药学,360
云南经贸外事职业学院,医学影像技术,362
云南经贸外事职业学院,口腔医学技术,365
云南经贸外事职业学院,医学美容技术,344
云南经贸外事职业学院,康复治疗技术,353
云南经贸外事职业学院,智慧健康养老服务与管理,334
云南经贸外事职业学院,大数据与财务管理,351
云南经贸外事职业学院,大数据与会计,352
云南经贸外事职业学院,市场营销,332
云南经贸外事职业学院,电子商务,345
云南经贸外事职业学院,现代物流管理,336
云南经贸外事职业学院,高速铁路客运服务,346
云南经贸外事职业学院,空中乘务,342
云南经贸外事职业学院,旅游管理,336
云南经贸外事职业学院,酒店管理与数字化运营,335
云南经贸外事职业学院,烹饪工艺与营养,330
云南经贸外事职业学院,应用泰语,332
云南经贸外事职业学院,视觉传达设计,342
云南经贸外事职业学院,书画艺术,345
云南经贸外事职业学院,音乐表演,341
云南经贸外事职业学院,舞蹈表演,341
云南经贸外事职业学院,中文,345
云南经贸外事职业学院,社会体育,336
云南经贸外事职业学院,学前教育,357
昆明卫生职业学院,临床医学,368
昆明卫生职业学院,预防医学,365
昆明卫生职业学院,医学影像技术,368
昆明卫生职业学院,医学检验技术,364
昆明卫生职业学院,公共卫生管理,346
昆明卫生职业学院,卫生检验与检疫技术,345
昆明卫生职业学院,医学美容技术,347
昆明卫生职业学院,医学生物技术,348
昆明卫生职业学院,中医学,365
昆明卫生职业学院,中医骨伤,362
昆明卫生职业学院,针灸推拿,368
昆明卫生职业学院,中医康复技术,356
昆明卫生职业学院,中药学,360
昆明卫生职业学院,护理,362
昆明卫生职业学院,助产,361
昆明卫生职业学院,康复治疗技术,358
昆明卫生职业学院,药学,360
昆明卫生职业学院,药品质量与安全,352
昆明卫生职业学院,婴幼儿托育服务与管理,342
昆明卫生职业学院,老年保健与管理,343
昆明卫生职业学院,口腔医学,370
昆明卫生职业学院,口腔医学技术,365
昆明卫生职业学院,口腔卫生保健,355
昆明艺术职业学院,音乐表演,310
昆明艺术职业学院,舞蹈表演,312
昆明艺术职业学院,国际标准舞,315
昆明艺术职业学院,学前教育,300
昆明艺术职业学院,中文,300
昆明艺术职业学院,运动训练,312
昆明艺术职业学院,视觉传达设计,324
昆明艺术职业学院,环境艺术设计,325
昆明艺术职业学院,室内艺术设计,326
昆明艺术职业学院,摄影与摄像艺术,320
昆明艺术职业学院,摄影摄像技术,321
昆明艺术职业学院,播音与主持,322
昆明艺术职业学院,戏剧影视表演,326
昆明艺术职业学院,影视编导,325
昆明艺术职业学院,影视动画,320
昆明艺术职业学院,艺术设计,319
昆明艺术职业学院,建筑室内设计,324
昆明艺术职业学院,高速铁路客运服务,326
昆明艺术职业学院,空中乘务,318
昆明艺术职业学院,物联网应用技术,300
昆明艺术职业学院,飞行器维修技术,305
昆明艺术职业学院,机场运行服务与管理,298
昆明艺术职业学院,定翼机驾驶技术,300
昆明艺术职业学院,新能源汽车检测与维修技术,305
昆明艺术职业学院,通用航空航务技术,298
昆明航空职业学院,空中乘务,325
昆明航空职业学院,民航空中安全保卫,320
昆明航空职业学院,航空物流管理,315
昆明航空职业学院,无人机应用技术,318
昆明航空职业学院,飞机机电设备维修,326
昆明航空职业学院,飞机电子设备维修,328
云南新兴职业学院,医学影像技术,275
云南新兴职业学院,医学检验技术,280
云南新兴职业学院,中医养生保健,277
云南新兴职业学院,口腔卫生保健,270
云南新兴职业学院,护理(国控专业),285
云南新兴职业学院,助产,280
云南新兴职业学院,动物医学,265
云南新兴职业学院,呼吸治疗技术,255
云南新兴职业学院,智慧健康养老服务与管理,243
云南新兴职业学院,中药学(现代学徒制),267
云南新兴职业学院,医学美容技术(现代学徒制),248
云南新兴职业学院,药学,268
云南新兴职业学院,动物药学,265
云南新兴职业学院,药品经营与管理,245
云南新兴职业学院,中草药栽培与加工技术,255
云南新兴职业学院,医疗器械维护与管理,256
云南新兴职业学院,中药材生产与加工,265
云南新兴职业学院,大数据技术,245
云南新兴职业学院,云计算技术应用,230
云南新兴职业学院,软件技术,243
云南新兴职业学院,物联网应用技术,240
云南新兴职业学院,低空安全与技术,225
云南新兴职业学院,学前教育(国控专业、现代学徒制),254
云南新兴职业学院,艺术教育(国控专业),256
云南新兴职业学院,现代殡葬技术与管理(现代学徒制),228
云南新兴职业学院,婴幼儿托育服务与管理(现代学徒制),230
云南新兴职业学院,建筑工程技术(现代学徒制),236
云南新兴职业学院,建筑消防技术,240
云南新兴职业学院,空中乘务,252
云南新兴职业学院,应急救援技术,246
云南新兴职业学院,音乐表演,238
云南新兴职业学院,高速铁路客运服务,254
云南新兴职业学院,农村电子商务,224
塔里木职业技术学院,大数据与会计,495
塔里木职业技术学院,电子商务,490
塔里木职业技术学院,智能物流技术,485
塔里木职业技术学院,数字媒体技术,492
塔里木职业技术学院,建筑工程技术,491
塔里木职业技术学院,工程造价,488
塔里木职业技术学院,机电一体化技术,510
塔里木职业技术学院,工业机器人技术,490
塔里木职业技术学院,汽车检测与维修技术,505
塔里木职业技术学院,现代农业装备应用技术,486
塔里木职业技术学院,旅游管理,488
塔里木职业技术学院,酒店管理与数字化运营,486
塔里木职业技术学院,烹饪工艺与营养,489
塔里木职业技术学院,中西面点工艺,485
塔里木职业技术学院,现代纺织技术,501
塔里木职业技术学院,纺织品设计,486
塔里木职业技术学院,服装设计与工艺,489
塔里木职业技术学院,纺织品检验与贸易,485
塔里木职业技术学院,空中乘务,491
塔里木职业技术学院,通用航空器维修,488
塔里木职业技术学院,无人机应用技术,489
塔里木职业技术学院,机场运行服务与管理,489
塔里木职业技术学院,学前教育,500
塔里木职业技术学院,护理,505
塔里木职业技术学院,婴幼儿托育服务与管理,488
新疆生产建设兵团兴新职业技术学院,建筑工程技术,488
新疆生产建设兵团兴新职业技术学院,道路与桥梁工程技术,490
新疆生产建设兵团兴新职业技术学院,工程造价,485
新疆生产建设兵团兴新职业技术学院,计算机网络技术,495
新疆生产建设兵团兴新职业技术学院,信息安全技术应用,488
新疆生产建设兵团兴新职业技术学院,大数据与财务管理,490
新疆生产建设兵团兴新职业技术学院,现代物流管理,485
新疆生产建设兵团兴新职业技术学院,电子商务,495
新疆生产建设兵团兴新职业技术学院,石油化工技术,480
新疆生产建设兵团兴新职业技术学院,电气自动化技术,500
新疆生产建设兵团兴新职业技术学院,现代农业技术,489
新疆生产建设兵团兴新职业技术学院,汽车检测与维修技术,495
新疆生产建设兵团兴新职业技术学院,学前教育,505
新疆生产建设兵团兴新职业技术学院,服装设计与工艺,487
新疆生产建设兵团兴新职业技术学院,社会工作,485
新疆生产建设兵团兴新职业技术学院,烹饪工艺与营养,486
新疆生产建设兵团兴新职业技术学院,数字媒体技术,490
铁门关职业技术学院,机电一体化技术,505
铁门关职业技术学院,数字媒体技术,495
铁门关职业技术学院,党务工作,486
重庆城市管理职业学院,觉务工作,492
重庆城市管理职业学院,社会工作,500
重庆城市管理职业学院,现代殡葬技术与管理,505
重庆城市管理职业学院,婚庆服务与管理,496
重庆城市管理职业学院,现代文秘,498
重庆城市管理职业学院,现代物业管理,496
重庆城市管理职业学院,市场营销,495
重庆城市管理职业学院,关务与外贸服务,492
重庆城市管理职业学院,国际经济与贸易,500
重庆城市管理职业学院,旅游管理,498
重庆城市管理职业学院,酒店管理与数字化运营,495
长沙民政职业技术学院,康复治疗技术,510
长沙民政职业技术学院,现代物流管理,498
长沙民政职业技术学院,传播与策划,490
长沙民政职业技术学院,社会工作,505
长沙民政职业技术学院,社区管理与服务,500
长沙民政职业技术学院,民政服务与管理(社会组织服务与管理方向),509
长沙民政职业技术学院,民政服务与管理,512
长沙民政职业技术学院,现代家政服务与管理,500
长沙民政职业技术学院,智慧健康养老服务与管理,508
长沙民政职业技术学院,婚庆服务与管理,485
上海交通职业技术学院,汽车检测与维修技术（定向招生保山建档立卡户）,505
上海工艺美术职业学院,展示艺术设计（定向招生保山建档立卡户）,489
上海工艺美术职业学院,室内艺术设计（定向招生保山建档立卡户）,490
上海工艺美术职业学院,工艺美术品设计（定向招生保山建档立卡户）,510
上海工艺美术职业学院,产品艺术设计（定向招生保山建档立卡户）,505
